{
  "location": "Building A - Room 101",
  "duration_hours": 24,
  "sample_rate": "1 per minute",
  "sensors": [
    "temperature",
    "humidity",
    "pressure",
    "co2"
  ],
  "statistics": {
    "temperature": {
      "mean": 20.019922110368746,
      "std": 3.573525511909024,
      "min": 13.948509171924131,
      "max": 26.257998584757498
    },
    "humidity": {
      "mean": 55.023237523079395,
      "std": 5.7519043841465525,
      "min": 41.79916208081912,
      "max": 69.12626394103425
    },
    "pressure": {
      "mean": 1015.1297257751776,
      "std": 1.259955022613526,
      "min": 1011.078175732315,
      "max": 1018.7489172968101
    },
    "co2": {
      "mean": 491.75219327726984,
      "std": 74.85961251104398,
      "min": 370.5824046701,
      "max": 712.9664388370419
    }
  }
}